time,concentration
17.35042735,0.102756522
17.56410256,0.147771513
17.75641026,0.239908041
18.3974359,0.313172909
18.61111111,0.363423502
18.84615385,0.477547322
19.1025641,0.625177876
19.33760684,0.654484942
19.59401709,0.704733298
19.89316239,0.743461091
20.34188034,0.793699378
20.72649573,0.832422697
21.13247863,0.881616101
21.53846154,0.907772855
22.24358974,0.932866828
23.16239316,0.960043854
24.20940171,0.970460241
